MM-0327,Helmet standards Vietnam,"Helmet Safety Standards in Vietnam: QCVN, DOT and ECE Explained",helmet safety standards vietnam,informational,9-parts-gear,9.1 helmets,guide,"riders buying parts, gear and accessories in Vietnam",research,no,low,Helmet Safety Standards in Vietnam,"Helmet certification labels (QCVN, DOT, ECE) and how to verify them; distinct from fit (helmet-fit-guide-vietnam) and care (helmet-care-replacing-guide-vietnam) articles","helmet-fit-guide-vietnam, helmet-law-vietnam, full-face-vs-open-face-helmet-vietnam, genuine-vs-fake-parts-motorbike-vietnam",published
MM-0328,Modular flip-up helmets,Modular Flip-Up Helmets: Convenience vs Protection,modular flip-up helmet vietnam,informational,9-parts-gear,9.1 helmets,guide,"riders buying parts, gear and accessories in Vietnam",research,no,low,Modular Flip-Up Helmets,Hinge/locking mechanism design trade-offs and open-riding approval limits; distinct from the full-face vs open-face comparison,"full-face-vs-open-face-helmet-vietnam, helmet-fit-guide-vietnam, visor-care-anti-fog-motorbike, helmet-care-replacing-guide-vietnam",published
MM-0329,Kids helmets,Choosing Helmets for Child Passengers in Vietnam,child helmet motorbike vietnam,informational,9-parts-gear,9.1 helmets,guide,"riders buying parts, gear and accessories in Vietnam",research,no,low,Choosing Helmets for Child Passengers in Vietnam,"Child-specific helmet sizing, weight and care; links to the legal child-passenger rules instead of repeating them","child-passengers-motorbike-vietnam, helmet-fit-guide-vietnam, second-helmet-passengers-vietnam, helmet-care-replacing-guide-vietnam",published
MM-0330,Helmet ventilation,Helmet Ventilation for Riding in Vietnam’s Heat,helmet ventilation hot weather,informational,9-parts-gear,9.1 helmets,guide,"riders buying parts, gear and accessories in Vietnam",research,no,low,Helmet Ventilation for Riding in Vietnam’s Heat,How intake channels and exhaust vents actually move air and the vent trade-offs; distinct from general hot-weather riding strategy,"hot-weather-riding-motorbike-vietnam, full-face-vs-open-face-helmet-vietnam, visor-care-anti-fog-motorbike, helmet-fit-guide-vietnam",published
MM-0331,Visor tints,"Helmet Visor Options: Clear, Tinted and Photochromic",motorbike helmet visor tint,informational,9-parts-gear,9.1 helmets,guide,"riders buying parts, gear and accessories in Vietnam",research,no,low,Helmet Visor Options,Choosing visor types for day/night/glare conditions; distinct from visor cleaning and anti-fog care,"visor-care-anti-fog-motorbike, sun-glare-riding-motorbike-vietnam, night-riding-motorbike-safety-vietnam, helmet-care-replacing-guide-vietnam",published
MM-0332,Riding trousers,Riding Trousers and Lower-Body Protection,riding trousers knee armour vietnam,informational,9-parts-gear,9.2 riding-gear,guide,"riders buying parts, gear and accessories in Vietnam",research,no,low,Riding Trousers and Lower-Body Protection,Abrasion and impact protection for legs and hips; distinct from standalone body-armour article which covers armour placement under clothes,"body-armour-motorbike-riders, riding-gear-budget-priority-vietnam, what-to-wear-riding-motorbike-vietnam, riding-jacket-vietnam-climate",published
MM-0333,CE armour labels,Reading CE Certification on Motorcycle Armour,ce level 1 vs level 2 armour,informational,9-parts-gear,9.2 riding-gear,guide,"riders buying parts, gear and accessories in Vietnam",research,no,low,Reading CE Certification on Motorcycle Armour,Decoding CE levels and classes on impact protectors and spotting fake certification; distinct from the armour-wearing article,"body-armour-motorbike-riders, riding-jacket-vietnam-climate, riding-gear-budget-priority-vietnam, genuine-vs-fake-parts-motorbike-vietnam",published
MM-0334,Base layers,Base Layers for Hot and Humid Riding,base layers riding hot weather,informational,9-parts-gear,9.2 riding-gear,guide,"riders buying parts, gear and accessories in Vietnam",research,no,low,Base Layers for Hot and Humid Riding,Sweat management and fabric choices under riding gear in tropical humidity; distinct from general hot-weather riding advice,"hot-weather-riding-motorbike-vietnam, hydration-long-motorbike-rides, riding-jacket-vietnam-climate, what-to-wear-riding-motorbike-vietnam",published
MM-0335,Neck gaiters,Neck Gaiters and Dust Masks for Riders,neck gaiter dust mask riding,informational,9-parts-gear,9.2 riding-gear,guide,"riders buying parts, gear and accessories in Vietnam",research,no,low,Neck Gaiters and Dust Masks for Riders,"Gaiter and rider-mask types for dust, exhaust and sun; distinct from the dust-season riding-technique article","dust-dry-season-riding-vietnam, sun-protection-motorbike-riders, riding-jacket-vietnam-climate, what-to-wear-riding-motorbike-vietnam",published
MM-0336,Armoured hoodies,Armoured Hoodies and Casual Riding Wear,armoured hoodie riding vietnam,informational,9-parts-gear,9.2 riding-gear,guide,"riders buying parts, gear and accessories in Vietnam",research,no,low,Armoured Hoodies and Casual Riding Wear,Casual-look protective garments for riders who will not wear technical jackets; distinct from dedicated jacket guide,"body-armour-motorbike-riders, riding-jacket-vietnam-climate, riding-gear-budget-priority-vietnam, what-to-wear-riding-motorbike-vietnam",published
MM-0337,Waterproof gear care,Cleaning and Reproofing Waterproof Riding Gear,wash waterproof motorcycle jacket,informational,9-parts-gear,9.2 riding-gear,guide,"riders buying parts, gear and accessories in Vietnam",research,no,low,Cleaning and Reproofing Waterproof Riding Gear,"Washing, DWR reactivation and reproofing to keep membranes working; distinct from buying rain gear","rain-gear-motorbike-riders-vietnam, riding-jacket-vietnam-climate, riding-motorbike-heavy-rain-vietnam, what-to-wear-riding-motorbike-vietnam",published
MM-0338,Gear sizing in Vietnam,Riding Gear Sizing in Vietnam: A Fit Guide for Foreign Riders,riding gear sizing vietnam foreign riders,informational,9-parts-gear,9.2 riding-gear,guide,"riders buying parts, gear and accessories in Vietnam",research,no,low,Riding Gear Sizing in Vietnam,Asian vs European sizing patterns and fit checks for foreign riders buying in Vietnamese shops; no other article covers gear fit logistics,"riding-jacket-vietnam-climate, body-armour-motorbike-riders, best-motorbikes-for-tall-riders-vietnam, riding-gear-budget-priority-vietnam",published
MM-0339,Pillion gear,Pillion Passenger Gear Checklist,what gear does passenger need motorbike,informational,9-parts-gear,9.2 riding-gear,guide,"riders buying parts, gear and accessories in Vietnam",research,no,low,Pillion Passenger Gear Checklist,"Helmet, footwear and briefing checklist for the passenger; distinct from two-up riding dynamics and helmet articles","second-helmet-passengers-vietnam, balancing-pillion-riding-motorbike-vietnam, motorbike-passenger-rules-vietnam, what-to-wear-riding-motorbike-vietnam",published
MM-0340,Off-road gear,Off-Road Riding Gear Basics,off road riding gear vietnam,informational,9-parts-gear,9.2 riding-gear,guide,"riders buying parts, gear and accessories in Vietnam",research,no,low,Off-Road Riding Gear Basics,"Roost protection, body armour and boots for dirt and mountain riding; distinct from on-road gear articles","mountain-pass-riding-motorbike-vietnam, gravel-roads-motorbike-vietnam, body-armour-motorbike-riders, what-to-carry-riding-motorbike-vietnam",published
MM-0341,Second-hand gear,Buying Second-Hand Riding Gear: When It Makes Sense and When It Doesn’t,second hand motorcycle gear vietnam,informational,9-parts-gear,9.2 riding-gear,guide,"riders buying parts, gear and accessories in Vietnam",research,no,low,Buying Second-Hand Riding Gear,Which used gear is safe (abrasion layer) versus never (impact layer); distinct from budget-priority article,"riding-gear-budget-priority-vietnam, helmet-care-replacing-guide-vietnam, genuine-vs-fake-parts-motorbike-vietnam, used-motorbike-inspection-vietnam",published
MM-0342,Dry bags,Dry Bags and Waterproof Luggage for Motorbike Riders,dry bag motorbike luggage,informational,9-parts-gear,9.3 accessories-luggage,guide,"riders buying parts, gear and accessories in Vietnam",research,no,low,Dry Bags and Waterproof Luggage for Motorbike Riders,Roll-top waterproof liners and layering philosophy; distinct from rain-riding technique,"riding-motorbike-heavy-rain-vietnam, top-boxes-racks-motorbike-vietnam, carrying-luggage-motorbike-safely-vietnam, backpack-vs-saddlebags-motorbike",published
MM-0343,Tank bags,Tank Bags on Motorbikes: What They’re Good For,motorbike tank bag vietnam,informational,9-parts-gear,9.3 accessories-luggage,guide,"riders buying parts, gear and accessories in Vietnam",research,no,low,Tank Bags on Motorbikes,Essentials-at-hand luggage and mounting systems including plastic-tank reality; distinct from other luggage types,"carrying-luggage-motorbike-safely-vietnam, backpack-vs-saddlebags-motorbike, top-boxes-racks-motorbike-vietnam, phone-mounts-motorbike-vietnam",published
MM-0344,Tail bags,Tail Bags and Roll Bags: Soft Luggage Without Racks,motorbike tail bag no rack,informational,9-parts-gear,9.3 accessories-luggage,guide,"riders buying parts, gear and accessories in Vietnam",research,no,low,Tail Bags and Roll Bags,Soft luggage for bikes without racks and its strapping physics; distinct from top-box article,"carrying-luggage-motorbike-safely-vietnam, cargo-nets-bungee-cords-motorbike, top-boxes-racks-motorbike-vietnam, dry-bags-waterproof-luggage-riders",published
MM-0345,Front baskets,Front Baskets on Scooters in Vietnam,scooter front basket vietnam,informational,9-parts-gear,9.3 accessories-luggage,guide,"riders buying parts, gear and accessories in Vietnam",research,no,low,Front Baskets on Scooters in Vietnam,The classic Vietnamese market-run basket and its steering-weight effects; no other luggage article covers front-mounted loads,"carrying-luggage-motorbike-safely-vietnam, scooter-under-seat-storage-guide, top-boxes-racks-motorbike-vietnam, slow-speed-control-motorbike-vietnam",published
MM-0346,Gel seat pads,Gel Seat Pads and Seat Comfort on Long Rides,motorbike gel seat pad long rides,informational,9-parts-gear,9.3 accessories-luggage,guide,"riders buying parts, gear and accessories in Vietnam",research,no,low,Gel Seat Pads and Seat Comfort on Long Rides,Seat toppers for pressure and heat vs the permanent reupholstery fix; distinct from fatigue management article,"riding-fatigue-motorbike-vietnam, best-motorbike-for-long-distance-vietnam, servicing-before-long-trip-motorbike, seat-reupholstery-comfort",published
MM-0347,Throttle assists,Throttle Assist Devices for Long Motorbike Rides,throttle lock long ride motorbike,informational,9-parts-gear,9.3 accessories-luggage,guide,"riders buying parts, gear and accessories in Vietnam",research,no,low,Throttle Assist Devices for Long Motorbike Rides,Cradle and lock devices for wrist relief and their strict safe-use rules; distinct from fatigue and vibration articles,"riding-fatigue-motorbike-vietnam, best-motorbike-for-long-distance-vietnam, handlebar-vibration-motorbike",published
MM-0348,Bottle holders,Water Bottle Holders for Motorbike Commuters,water bottle holder motorbike,informational,9-parts-gear,9.3 accessories-luggage,guide,"riders buying parts, gear and accessories in Vietnam",research,no,low,Water Bottle Holders for Motorbike Commuters,Hydration access for commuters and the drink-at-stops rule; distinct from hydration health article,"hydration-long-motorbike-rides, hot-weather-riding-motorbike-vietnam, best-motorbike-for-commuting-hanoi, usb-chargers-motorbike-power",published
MM-0349,Delivery setups,Delivery Rider Accessory Setups on a Motorbike,delivery rider motorbike accessories vietnam,informational,9-parts-gear,9.3 accessories-luggage,guide,"riders buying parts, gear and accessories in Vietnam",research,no,low,Delivery Rider Accessory Setups on a Motorbike,Field-tested all-day accessory architecture from the delivery community; distinct from high-usage maintenance article,"high-usage-delivery-commuter-maintenance, phone-mounts-motorbike-vietnam, top-boxes-racks-motorbike-vietnam, riding-gear-budget-priority-vietnam",published
MM-0350,Rental modifications,Motorbike Rental Modifications: What You Can and Shouldn’t Change,modify rented motorbike vietnam,informational,9-parts-gear,9.3 accessories-luggage,guide,"riders buying parts, gear and accessories in Vietnam",research,no,low,Motorbike Rental Modifications,Reversible accessories vs unapproved modifications on a rental and the agreement duties; no other article covers rental modification rules,"motorbike-rental-agreement-hanoi, maintenance-during-monthly-rental-hanoi, rental-motorbike-care-long-term-hanoi, theft-loss-responsibility-rental-motorbike-hanoi",published
MM-0351,Camping gear,Carrying Camping Gear on a Motorbike,motorbike camping gear packing,informational,9-parts-gear,9.3 accessories-luggage,guide,"riders buying parts, gear and accessories in Vietnam",research,no,low,Carrying Camping Gear on a Motorbike,Volume discipline and packing system for overnight motorbike camping trips; distinct from general luggage safety,"carrying-luggage-motorbike-safely-vietnam, best-motorbike-for-day-trips-from-hanoi, servicing-before-long-trip-motorbike, what-to-carry-riding-motorbike-vietnam",published
MM-0352,GPS trackers,GPS Trackers for Motorbikes in Vietnam,motorbike gps tracker vietnam,informational,9-parts-gear,9.4 security,guide,"riders buying parts, gear and accessories in Vietnam",research,no,low,GPS Trackers for Motorbikes in Vietnam,"The after-theft layer: how trackers work, wiring and placement; distinct from alarms and locks articles","motorbike-alarms-vietnam, disc-locks-chains-motorbike-security, keeping-rental-motorbike-secure-hanoi, theft-loss-responsibility-rental-motorbike-hanoi",published
MM-0353,Steering locks,Steering Locks: How to Use Them and What They Actually Do,motorbike steering lock use,informational,9-parts-gear,9.4 security,guide,"riders buying parts, gear and accessories in Vietnam",research,no,low,Steering Locks,Maximising the built-in lock every bike already has and its layered role; distinct from add-on lock articles,"disc-locks-chains-motorbike-security, where-to-park-motorbike-hanoi, keeping-rental-motorbike-secure-hanoi, gps-trackers-motorbikes-vietnam",published
MM-0354,Home parking security,Securing a Motorbike at Home Overnight,motorbike stolen overnight home parking,informational,9-parts-gear,9.4 security,guide,"riders buying parts, gear and accessories in Vietnam",research,no,low,Securing a Motorbike at Home Overnight,Overnight layer stack at home including anchoring and routine-breaking; distinct from public parking article,"where-to-park-motorbike-hanoi, disc-locks-chains-motorbike-security, motorbike-covers-parking-outdoors-vietnam, keeping-rental-motorbike-secure-hanoi",published
MM-0355,Weatherproof locks,Choosing Locks That Survive Vietnam’s Humidity,best motorbike lock rust humid,informational,9-parts-gear,9.4 security,guide,"riders buying parts, gear and accessories in Vietnam",research,no,low,Choosing Locks That Survive Vietnam’s Humidity,Materials and maintenance so locks keep working in tropical corrosion; distinct from lock-type selection article,"disc-locks-chains-motorbike-security, motorcycle-rust-prevention-vietnam, steering-locks-effective-use, helmet-locks-theft-vietnam",published
MM-0356,Variator rollers,Scooter Variator Rollers: What Aftermarket Rollers Change,scooter variator roller weight upgrade,informational,9-parts-gear,9.5 parts-accessories,guide,"riders buying parts, gear and accessories in Vietnam",research,no,low,Scooter Variator Rollers,Roller-weight tuning effects on CVT behaviour and the honest trade-offs; distinct from the CVT explanation article,"cvt-belt-variator-scooter-vietnam, talking-to-mechanic-vietnam, repair-or-replace-motorbike-parts, genuine-vs-fake-parts-motorbike-vietnam",published
MM-0357,Footpeg upgrades,Footpeg Upgrades for Taller Riders,motorbike footpegs tall riders,informational,9-parts-gear,9.5 parts-accessories,guide,"riders buying parts, gear and accessories in Vietnam",research,no,low,Footpeg Upgrades for Taller Riders,Ergonomic peg changes for legroom and grip; distinct from the tall-rider bike-choosing article,"best-motorbikes-for-tall-riders-vietnam, handlebar-raisers-riding-ergonomics, handlebar-grips-choosing-motorbike, riding-fatigue-motorbike-vietnam",published
MM-0358,Handlebar risers,Handlebar Risers and Riding Ergonomics,handlebar risers motorbike comfort,informational,9-parts-gear,9.5 parts-accessories,guide,"riders buying parts, gear and accessories in Vietnam",research,no,low,Handlebar Risers and Riding Ergonomics,Reach and wrist-load fixes with cable-length limits; distinct from vibration diagnosis article,"handlebar-vibration-motorbike, best-motorbikes-for-tall-riders-vietnam, footpeg-upgrades-tall-riders, riding-fatigue-motorbike-vietnam",published
MM-0359,Handguards,Handguards for Motorbikes: Who Needs Them,motorbike handguards vietnam,informational,9-parts-gear,9.5 parts-accessories,guide,"riders buying parts, gear and accessories in Vietnam",research,no,low,Handguards for Motorbikes,"Wind, rain spray and impact protection for hands and levers; distinct from winter riding article","cold-start-motorbike-winter-vietnam, winter-riding-motorbike-hanoi, riding-gloves-vietnam-climate, checking-motorbike-after-fall-accident",published
MM-0360,Skid plates,Skid Plates and Underbody Protection,motorbike skid plate vietnam,informational,9-parts-gear,9.5 parts-accessories,guide,"riders buying parts, gear and accessories in Vietnam",research,no,low,Skid Plates and Underbody Protection,"Underbody armour against bumps, rocks and grounding; distinct from side-impact crash bars article","crash-bars-engine-guards-motorbike, potholes-bad-roads-motorbike-vietnam, checking-motorbike-after-fall-accident, gravel-roads-motorbike-vietnam",published
MM-0361,Paint protection,Paint Protection for Motorbikes: Ceramic Coatings and Films,ceramic coating motorbike vietnam,informational,9-parts-gear,9.5 parts-accessories,guide,"riders buying parts, gear and accessories in Vietnam",research,no,low,Paint Protection for Motorbikes,"Wax, PPF and ceramic options against UV and grit and their honest limits; distinct from rust prevention article","motorcycle-rust-prevention-vietnam, cleaning-motorbike-properly-vietnam, preparing-motorbike-for-sale-vietnam, motorbike-covers-parking-outdoors-vietnam",published
MM-0362,Seat reupholstery,Motorbike Seat Reupholstery: Comfort Without a New Bike,motorbike seat reupholstery vietnam,informational,9-parts-gear,9.5 parts-accessories,guide,"riders buying parts, gear and accessories in Vietnam",research,no,low,Motorbike Seat Reupholstery,The permanent foam-and-cover rebuild option and its trade-offs; distinct from gel pad toppers article,"gel-seat-pads-comfort-long-rides, best-motorbike-for-long-distance-vietnam, preparing-motorbike-for-sale-vietnam, talking-to-mechanic-vietnam",published
MM-0363,Suspension upgrades,Aftermarket Suspension Upgrades: When They’re Worth It,motorbike suspension upgrade worth it,informational,9-parts-gear,9.5 parts-accessories,guide,"riders buying parts, gear and accessories in Vietnam",research,no,low,Aftermarket Suspension Upgrades,Upgrade decisions versus servicing worn stock suspension; distinct from suspension checking article,"suspension-checks-motorbike-vietnam, front-fork-care-oil-seals-motorbike, rear-suspension-preload-riders-luggage, repair-or-replace-motorbike-parts",published
MM-0364,Chain oilers,Automatic Chain Oilers: Are They Worth It?,automatic chain oiler motorbike,informational,9-parts-gear,9.5 parts-accessories,guide,"riders buying parts, gear and accessories in Vietnam",research,no,low,Automatic Chain Oilers,Automated lubrication devices and their payback math; distinct from manual chain maintenance article,"chain-maintenance-motorbike-vietnam, chain-sprocket-replacement-motorbike, lubrication-points-motorbike-vietnam, riding-motorbike-heavy-rain-vietnam",published
MM-0365,Tyre inflators,Portable Tyre Inflators for Motorbikes,portable tyre pump motorbike,informational,9-parts-gear,9.5 parts-accessories,guide,"riders buying parts, gear and accessories in Vietnam",research,no,low,Portable Tyre Inflators for Motorbikes,Carried inflation options that enable a weekly pressure habit; distinct from puncture repair article,"flat-tyre-repair-motorbike-vietnam, punctured-tyre-on-rental-motorbike, tyre-care-motorbike-vietnam, spare-parts-kit-underseat-motorbike",published
MM-0366,Mudguard extenders,Mudguard Extenders and Rain Spray,mudguard extender motorbike rain,informational,9-parts-gear,9.5 parts-accessories,guide,"riders buying parts, gear and accessories in Vietnam",research,no,low,Mudguard Extenders and Rain Spray,Cheap wet-season spray reduction front and rear; distinct from rain riding technique article,"riding-motorbike-heavy-rain-vietnam, cleaning-motorbike-properly-vietnam, motorbike-maintenance-rainy-season, riding-gear-budget-priority-vietnam",published
MM-0367,Heated grips,Heated Grips for Hanoi Winters,heated grips motorbike hanoi winter,informational,9-parts-gear,9.5 parts-accessories,guide,"riders buying parts, gear and accessories in Vietnam",research,no,low,Heated Grips for Hanoi Winters,Winter hand-comfort device with wiring and rental-permission realities; distinct from winter riding article,"winter-riding-motorbike-hanoi, riding-gloves-vietnam-climate, handlebar-grips-choosing-motorbike, cold-start-motorbike-winter-vietnam",published
MM-0368,LED bulb upgrades,Aftermarket LED Headlight Bulbs: What to Consider Before Upgrading,led headlight bulb motorbike upgrade,informational,9-parts-gear,9.5 parts-accessories,guide,"riders buying parts, gear and accessories in Vietnam",research,no,medium,Aftermarket LED Headlight Bulbs,Beam-pattern and glare trade-offs of bulb conversions with a wall test; distinct from bulb replacement and aiming articles,"headlight-bulb-replacement-motorbike, headlight-aim-adjustment-motorbike, night-riding-motorbike-safety-vietnam, motorbike-required-equipment-vietnam",published
MM-0369,Trickle chargers,Battery Trickle Chargers for Bikes You Don’t Ride Daily,motorbike battery trickle charger,informational,9-parts-gear,9.5 parts-accessories,guide,"riders buying parts, gear and accessories in Vietnam",research,no,low,Battery Trickle Chargers for Bikes You Don’t Ride Daily,Float charging for parked bikes and who needs one; distinct from battery care article,"battery-care-motorbike-vietnam, maintaining-motorbike-you-rarely-ride, storing-motorbike-long-term-vietnam, choosing-replacement-battery-motorbike-vietnam",published
MM-0370,Radiator guards,Radiator Guards for Liquid-Cooled Motorbikes,radiator guard motorbike,informational,9-parts-gear,9.5 parts-accessories,guide,"riders buying parts, gear and accessories in Vietnam",research,no,low,Radiator Guards for Liquid-Cooled Motorbikes,Mesh protection for the most fragile exposed part; distinct from coolant care article,"coolant-radiator-care-liquid-cooled-motorbike, motorbike-overheating-causes, gravel-roads-motorbike-vietnam, skid-plates-underbody-protection",published
MM-0371,Adjustable levers,Adjustable Brake and Clutch Levers,adjustable brake clutch levers motorbike,informational,9-parts-gear,9.5 parts-accessories,guide,"riders buying parts, gear and accessories in Vietnam",research,no,low,Adjustable Brake and Clutch Levers,Reach-adjustable and folding levers with counterfeit warnings; distinct from lever failure articles,"broken-clutch-cable-motorbike-roadside, handlebar-grips-choosing-motorbike, brake-pads-replacement-motorbike-vietnam, genuine-vs-fake-parts-motorbike-vietnam",published
MM-0372,Side stand feet,Side Stand Feet and Parking on Soft Ground,motorbike side stand sinking soft ground,informational,9-parts-gear,9.5 parts-accessories,guide,"riders buying parts, gear and accessories in Vietnam",research,no,low,Side Stand Feet and Parking on Soft Ground,Footprint extensions and parking pads against tip-overs on soft ground; distinct from parking-choice article,"where-to-park-motorbike-hanoi, stands-side-vs-centre-paddock, parking-monthly-renter-hanoi, checking-motorbike-after-fall-accident",published
MM-0373,Parts markets,Buying Motorbike Parts at Physical Markets in Vietnam,motorbike parts market vietnam,informational,9-parts-gear,9.5 parts-accessories,guide,"riders buying parts, gear and accessories in Vietnam",research,no,low,Buying Motorbike Parts at Physical Markets in Vietnam,"Market-street buying tactics, bargaining and counterfeit risks in person; distinct from online parts buying article","buying-motorbike-parts-online-vietnam, genuine-vs-fake-parts-motorbike-vietnam, spare-parts-availability-vietnam, repair-quotes-parts-pricing-vietnam",published
MM-0374,Aftermarket and warranty,Aftermarket Parts and Warranty: What to Know,aftermarket parts void warranty motorbike,informational,9-parts-gear,9.5 parts-accessories,guide,"riders buying parts, gear and accessories in Vietnam",research,no,medium,Aftermarket Parts and Warranty,How aftermarket parts interact with warranty coverage and claims disputes; distinct from dealer service article,"warranty-dealer-service-vietnam, genuine-vs-fake-parts-motorbike-vietnam, repair-or-replace-motorbike-parts, buying-motorbike-parts-online-vietnam",published
MM-0375,DIY vs shop install,Installing Accessories Yourself vs at a Shop,install motorbike accessories yourself,informational,9-parts-gear,9.5 parts-accessories,guide,"riders buying parts, gear and accessories in Vietnam",research,no,low,Installing Accessories Yourself vs at a Shop,Which accessory installs are DIY-safe versus workshop jobs in Vietnam’s labour market; no other article covers install decisions,"talking-to-mechanic-vietnam, learning-basic-motorbike-maintenance, repair-quotes-parts-pricing-vietnam, motorbike-rider-toolkit-essentials",published
MM-0376,Reflective stickers,Reflective Stickers and Tape for Motorbike Visibility,reflective stickers motorbike visibility,informational,9-parts-gear,9.5 parts-accessories,guide,"riders buying parts, gear and accessories in Vietnam",research,no,low,Reflective Stickers and Tape for Motorbike Visibility,Passive retro-reflective visibility upgrades for night riding; distinct from visibility riding-technique article,"night-riding-motorbike-safety-vietnam, visibility-riding-motorbike-vietnam, unlit-rural-roads-night-motorbike-vietnam, motorbike-night-lights-vietnam",published
